-- INSERT INTO users
INSERT INTO users (id, name, email, level) VALUES (1, 'Thomas Mccarty', 'benjaminwilson@hotmail.com', 'Advanced');
INSERT INTO users (id, name, email, level) VALUES (2, 'Louis Wolf', 'markrice@hotmail.com', 'Beginner');
INSERT INTO users (id, name, email, level) VALUES (3, 'Jonathan Parker', 'joseph62@alvarado-thomas.info', 'Beginner');
INSERT INTO users (id, name, email, level) VALUES (4, 'James Brooks', 'michael88@hotmail.com', 'Advanced');
INSERT INTO users (id, name, email, level) VALUES (5, 'William Smith', 'bailey61@myers.net', 'Intermediate');
INSERT INTO users (id, name, email, level) VALUES (6, 'Nicole Smith', 'loganclark@hotmail.com', 'Beginner');
INSERT INTO users (id, name, email, level) VALUES (7, 'James Patterson', 'thomasmorris@smith-johns.net', 'Beginner');
INSERT INTO users (id, name, email, level) VALUES (8, 'Sandra Harris', 'debra79@brown.com', 'Beginner');
INSERT INTO users (id, name, email, level) VALUES (9, 'Joshua Brennan', 'proctorabigail@yahoo.com', 'Advanced');
INSERT INTO users (id, name, email, level) VALUES (10, 'Tony Goodwin', 'laurahatfield@bradley.net', 'Beginner');
INSERT INTO users (id, name, email, level) VALUES (11, 'Heather Murphy', 'brady11@gmail.com', 'Advanced');
INSERT INTO users (id, name, email, level) VALUES (12, 'Anne Boyd', 'perkinsricardo@pittman-boone.net', 'Advanced');
INSERT INTO users (id, name, email, level) VALUES (13, 'Kelly Stevens', 'ngriffin@walker.info', 'Advanced');
INSERT INTO users (id, name, email, level) VALUES (14, 'Rita Kelley', 'mlopez@garcia.com', 'Beginner');
INSERT INTO users (id, name, email, level) VALUES (15, 'Matthew Morris', 'josephsharp@yahoo.com', 'Advanced');
INSERT INTO users (id, name, email, level) VALUES (16, 'Sharon Waller', 'derek07@gmail.com', 'Intermediate');
INSERT INTO users (id, name, email, level) VALUES (17, 'Victor Grant', 'austin08@hotmail.com', 'Beginner');
INSERT INTO users (id, name, email, level) VALUES (18, 'James Leon', 'sweeneyjasmine@gray-brooks.org', 'Beginner');
INSERT INTO users (id, name, email, level) VALUES (19, 'Robert Byrd', 'juansanchez@farmer-brown.biz', 'Beginner');
INSERT INTO users (id, name, email, level) VALUES (20, 'Paula Rose', 'millertimothy@gmail.com', 'Beginner');
INSERT INTO users (id, name, email, level) VALUES (21, 'Andrea Martinez', 'wandaho@gmail.com', 'Beginner');
INSERT INTO users (id, name, email, level) VALUES (22, 'Kathryn Smith', 'xday@yahoo.com', 'Advanced');
INSERT INTO users (id, name, email, level) VALUES (23, 'Joseph Villarreal', 'jamesanderson@gmail.com', 'Advanced');
INSERT INTO users (id, name, email, level) VALUES (24, 'Steven Strickland', 'raymond58@walker-johnson.com', 'Beginner');
INSERT INTO users (id, name, email, level) VALUES (25, 'William Garcia', 'salassamuel@moore-welch.com', 'Advanced');
INSERT INTO users (id, name, email, level) VALUES (26, 'Larry Williams', 'zjones@hotmail.com', 'Beginner');
INSERT INTO users (id, name, email, level) VALUES (27, 'Valerie Moore', 'kenneth24@higgins.com', 'Advanced');
INSERT INTO users (id, name, email, level) VALUES (28, 'Kristin Pollard', 'ugaines@hudson.com', 'Advanced');
INSERT INTO users (id, name, email, level) VALUES (29, 'Jenna Bray', 'victor44@hotmail.com', 'Advanced');
INSERT INTO users (id, name, email, level) VALUES (30, 'Thomas Perez', 'middletonbenjamin@yahoo.com', 'Advanced');
INSERT INTO users (id, name, email, level) VALUES (31, 'Amy Boone', 'michael39@yahoo.com', 'Intermediate');
INSERT INTO users (id, name, email, level) VALUES (32, 'John Andersen', 'stephanie55@walton.com', 'Beginner');
INSERT INTO users (id, name, email, level) VALUES (33, 'Charles Smith', 'dana63@hotmail.com', 'Intermediate');
INSERT INTO users (id, name, email, level) VALUES (34, 'Miranda Simpson', 'sfaulkner@white-morris.org', 'Advanced');
INSERT INTO users (id, name, email, level) VALUES (35, 'Edward Jones', 'transheri@gmail.com', 'Intermediate');
INSERT INTO users (id, name, email, level) VALUES (36, 'Ronald Perez', 'zachary49@hotmail.com', 'Beginner');
INSERT INTO users (id, name, email, level) VALUES (37, 'Cory Buchanan', 'brianharrison@hotmail.com', 'Beginner');
INSERT INTO users (id, name, email, level) VALUES (38, 'Christian Moran', 'terrycraig@gmail.com', 'Advanced');
INSERT INTO users (id, name, email, level) VALUES (39, 'Jasmin Garner', 'walkerjennifer@hotmail.com', 'Intermediate');
INSERT INTO users (id, name, email, level) VALUES (40, 'Katrina Griffin', 'howardraymond@james.com', 'Intermediate');
INSERT INTO users (id, name, email, level) VALUES (41, 'Susan Webster', 'monicasullivan@yahoo.com', 'Intermediate');
INSERT INTO users (id, name, email, level) VALUES (42, 'Carl Rodriguez', 'erika54@hill.com', 'Beginner');
INSERT INTO users (id, name, email, level) VALUES (43, 'Rebecca Rodriguez', 'bradleycarrie@yahoo.com', 'Beginner');
INSERT INTO users (id, name, email, level) VALUES (44, 'Steven Ray', 'rhonda27@gould.com', 'Intermediate');
INSERT INTO users (id, name, email, level) VALUES (45, 'Brandon Shepherd', 'nicole24@lopez-randall.info', 'Beginner');
INSERT INTO users (id, name, email, level) VALUES (46, 'Zachary Kennedy', 'smithanne@moore-clarke.com', 'Beginner');
INSERT INTO users (id, name, email, level) VALUES (47, 'Alyssa Farley', 'murillojoshua@jefferson.net', 'Intermediate');
INSERT INTO users (id, name, email, level) VALUES (48, 'Keith Weiss', 'cjacobson@macdonald-henderson.com', 'Beginner');
INSERT INTO users (id, name, email, level) VALUES (49, 'James Chan', 'william14@hotmail.com', 'Intermediate');
INSERT INTO users (id, name, email, level) VALUES (50, 'Troy Diaz', 'esmith@garcia.com', 'Intermediate');

-- INSERT INTO classroom
INSERT INTO classroom (id, name) VALUES (1, 'Classroom A');
INSERT INTO classroom (id, name) VALUES (2, 'Classroom B');
INSERT INTO classroom (id, name) VALUES (3, 'Classroom C');
INSERT INTO classroom (id, name) VALUES (4, 'Classroom D');
INSERT INTO classroom (id, name) VALUES (5, 'Classroom E');

-- INSERT INTO event
INSERT INTO event (id, title, description, category, attendance, place, date_start, date_end) VALUES (1, 'Such piece.', 'Poor positive church including able budget. Travel join society person hour analysis player.', 'Workshop', 'Mandatory', 'Rice, Hernandez and Hanson', '2025-01-12 03:05:34', '2025-01-12 06:05:34');
INSERT INTO event (id, title, description, category, attendance, place, date_start, date_end) VALUES (2, 'Individual effort strategy.', 'Film no word. Major student lot including expect administration less.
Couple south site character military former little. Nothing second any guy.', 'Club', 'Optional', 'Rice-Bell', '2025-01-23 03:16:22', '2025-01-23 04:16:22');
INSERT INTO event (id, title, description, category, attendance, place, date_start, date_end) VALUES (3, 'Make star memory.', 'She soon decade possible. Sure office happen alone.
Possible control same. Mother of look subject.
Or history speech include Mrs impact new however. Cell involve stay prove finish book.', 'Class', 'Optional', 'Williams Group', '2025-03-19 00:18:48', '2025-03-19 03:18:48');
INSERT INTO event (id, title, description, category, attendance, place, date_start, date_end) VALUES (4, 'Provide similar garden.', 'Manage entire bag position image create.
Customer child price run indicate beyond. Process film wear go exist work. True rather office hotel white tell win.', 'Workshop', 'Optional', 'Jones PLC', '2025-06-12 17:07:31', '2025-06-12 18:07:31');
INSERT INTO event (id, title, description, category, attendance, place, date_start, date_end) VALUES (5, 'Land as modern phone.', 'Art skill second star. Move dinner computer speech door card officer chance.
Be relate community before size recognize base.
Just political force Democrat decide week. Law the someone.', 'Workshop', 'Optional', 'Burton, Campbell and Phillips', '2025-01-11 11:37:14', '2025-01-11 14:37:14');
INSERT INTO event (id, title, description, category, attendance, place, date_start, date_end) VALUES (6, 'Low dinner near career.', 'Trade among investment. Smile but travel important old.
Forward they themselves drop agency scientist require. Particular evening surface image. House small finally.', 'Club', 'Mandatory', 'Robertson Group', '2025-01-27 15:15:23', '2025-01-27 16:15:23');
INSERT INTO event (id, title, description, category, attendance, place, date_start, date_end) VALUES (7, 'Fund newspaper story.', 'Serve type message party five wall operation. Little most result true lose so maintain. Especially security brother discussion ago quickly page. Reflect information hope assume.', 'Class', 'Optional', 'Jackson, Clark and Peck', '2025-03-02 17:33:54', '2025-03-02 21:33:54');
INSERT INTO event (id, title, description, category, attendance, place, date_start, date_end) VALUES (8, 'Hope benefit run ready direction.', 'Hand force arm country institution. None third consider now.', 'Class', 'Optional', 'Benson and Sons', '2025-04-18 04:37:47', '2025-04-18 07:37:47');
INSERT INTO event (id, title, description, category, attendance, place, date_start, date_end) VALUES (9, 'Police many.', 'Safe out when again still out result. Throughout almost traditional present.', 'Workshop', 'Optional', 'Mcbride-Kane', '2025-01-17 10:02:30', '2025-01-17 13:02:30');
INSERT INTO event (id, title, description, category, attendance, place, date_start, date_end) VALUES (10, 'Respond part heavy.', 'Audience least physical energy. Other common no back cell remember difference institution. Degree guess machine in she. Number heavy value perform however current class real.', 'Seminar', 'Mandatory', 'Garcia-Lopez', '2025-06-17 06:47:23', '2025-06-17 08:47:23');

-- INSERT INTO to_be
INSERT INTO to_be (id, user_id, classroom_id, presence, timestamp) VALUES (1, 25, 3, TRUE, '2025-04-08 16:56:58');
INSERT INTO to_be (id, user_id, classroom_id, presence, timestamp) VALUES (2, 44, 3, TRUE, '2025-06-25 01:50:16');
INSERT INTO to_be (id, user_id, classroom_id, presence, timestamp) VALUES (3, 15, 1, FALSE, '2025-04-09 13:07:53');
INSERT INTO to_be (id, user_id, classroom_id, presence, timestamp) VALUES (4, 26, 3, TRUE, '2025-04-15 07:22:07');
INSERT INTO to_be (id, user_id, classroom_id, presence, timestamp) VALUES (5, 14, 5, FALSE, '2025-04-28 22:28:18');
INSERT INTO to_be (id, user_id, classroom_id, presence, timestamp) VALUES (6, 14, 4, FALSE, '2025-06-16 00:17:43');
INSERT INTO to_be (id, user_id, classroom_id, presence, timestamp) VALUES (7, 42, 4, TRUE, '2025-04-07 11:34:47');
INSERT INTO to_be (id, user_id, classroom_id, presence, timestamp) VALUES (8, 17, 2, TRUE, '2025-03-19 09:33:26');
INSERT INTO to_be (id, user_id, classroom_id, presence, timestamp) VALUES (9, 48, 5, FALSE, '2025-03-17 17:46:38');
INSERT INTO to_be (id, user_id, classroom_id, presence, timestamp) VALUES (10, 48, 5, FALSE, '2025-05-24 08:09:51');
INSERT INTO to_be (id, user_id, classroom_id, presence, timestamp) VALUES (11, 38, 4, FALSE, '2025-03-03 00:13:29');
INSERT INTO to_be (id, user_id, classroom_id, presence, timestamp) VALUES (12, 15, 2, FALSE, '2025-06-02 12:51:32');
INSERT INTO to_be (id, user_id, classroom_id, presence, timestamp) VALUES (13, 6, 1, TRUE, '2025-04-03 12:51:40');
INSERT INTO to_be (id, user_id, classroom_id, presence, timestamp) VALUES (14, 10, 2, FALSE, '2025-01-27 14:04:37');
INSERT INTO to_be (id, user_id, classroom_id, presence, timestamp) VALUES (15, 39, 1, FALSE, '2025-06-14 18:01:03');
INSERT INTO to_be (id, user_id, classroom_id, presence, timestamp) VALUES (16, 25, 5, FALSE, '2025-03-25 14:49:40');
INSERT INTO to_be (id, user_id, classroom_id, presence, timestamp) VALUES (17, 34, 3, TRUE, '2025-05-11 00:54:29');
INSERT INTO to_be (id, user_id, classroom_id, presence, timestamp) VALUES (18, 44, 1, FALSE, '2025-03-31 06:10:43');
INSERT INTO to_be (id, user_id, classroom_id, presence, timestamp) VALUES (19, 50, 3, TRUE, '2025-01-01 23:46:24');
INSERT INTO to_be (id, user_id, classroom_id, presence, timestamp) VALUES (20, 19, 4, TRUE, '2025-05-19 07:37:55');
INSERT INTO to_be (id, user_id, classroom_id, presence, timestamp) VALUES (21, 30, 1, FALSE, '2025-02-23 20:09:14');
INSERT INTO to_be (id, user_id, classroom_id, presence, timestamp) VALUES (22, 33, 2, TRUE, '2025-02-09 15:40:11');
INSERT INTO to_be (id, user_id, classroom_id, presence, timestamp) VALUES (23, 41, 3, TRUE, '2025-03-02 11:55:58');
INSERT INTO to_be (id, user_id, classroom_id, presence, timestamp) VALUES (24, 10, 3, TRUE, '2025-03-30 22:14:49');
INSERT INTO to_be (id, user_id, classroom_id, presence, timestamp) VALUES (25, 35, 5, TRUE, '2025-03-15 00:50:11');
INSERT INTO to_be (id, user_id, classroom_id, presence, timestamp) VALUES (26, 39, 3, FALSE, '2025-03-24 02:02:46');
INSERT INTO to_be (id, user_id, classroom_id, presence, timestamp) VALUES (27, 2, 1, FALSE, '2025-02-18 07:09:19');
INSERT INTO to_be (id, user_id, classroom_id, presence, timestamp) VALUES (28, 20, 2, TRUE, '2025-02-10 12:52:48');
INSERT INTO to_be (id, user_id, classroom_id, presence, timestamp) VALUES (29, 16, 5, TRUE, '2025-02-02 04:21:27');
INSERT INTO to_be (id, user_id, classroom_id, presence, timestamp) VALUES (30, 6, 4, TRUE, '2025-03-26 18:41:29');
INSERT INTO to_be (id, user_id, classroom_id, presence, timestamp) VALUES (31, 49, 5, TRUE, '2025-06-05 08:13:29');
INSERT INTO to_be (id, user_id, classroom_id, presence, timestamp) VALUES (32, 9, 4, TRUE, '2025-04-17 00:02:44');
INSERT INTO to_be (id, user_id, classroom_id, presence, timestamp) VALUES (33, 17, 5, FALSE, '2025-04-18 16:32:39');
INSERT INTO to_be (id, user_id, classroom_id, presence, timestamp) VALUES (34, 14, 5, TRUE, '2025-02-23 06:59:07');
INSERT INTO to_be (id, user_id, classroom_id, presence, timestamp) VALUES (35, 46, 3, FALSE, '2025-03-10 07:02:10');
INSERT INTO to_be (id, user_id, classroom_id, presence, timestamp) VALUES (36, 43, 3, FALSE, '2025-03-04 10:08:19');
INSERT INTO to_be (id, user_id, classroom_id, presence, timestamp) VALUES (37, 34, 4, TRUE, '2025-03-31 15:50:09');
INSERT INTO to_be (id, user_id, classroom_id, presence, timestamp) VALUES (38, 16, 2, TRUE, '2025-05-27 11:08:23');
INSERT INTO to_be (id, user_id, classroom_id, presence, timestamp) VALUES (39, 22, 1, TRUE, '2025-06-30 17:14:29');
INSERT INTO to_be (id, user_id, classroom_id, presence, timestamp) VALUES (40, 38, 2, TRUE, '2025-01-21 23:39:46');
INSERT INTO to_be (id, user_id, classroom_id, presence, timestamp) VALUES (41, 5, 1, TRUE, '2025-02-22 23:12:14');
INSERT INTO to_be (id, user_id, classroom_id, presence, timestamp) VALUES (42, 5, 1, FALSE, '2025-06-16 10:13:04');
INSERT INTO to_be (id, user_id, classroom_id, presence, timestamp) VALUES (43, 5, 5, TRUE, '2025-04-27 13:17:37');
INSERT INTO to_be (id, user_id, classroom_id, presence, timestamp) VALUES (44, 18, 4, TRUE, '2025-03-23 08:20:31');
INSERT INTO to_be (id, user_id, classroom_id, presence, timestamp) VALUES (45, 35, 2, FALSE, '2025-05-05 08:23:36');
INSERT INTO to_be (id, user_id, classroom_id, presence, timestamp) VALUES (46, 16, 4, FALSE, '2025-06-28 04:30:27');
INSERT INTO to_be (id, user_id, classroom_id, presence, timestamp) VALUES (47, 13, 1, TRUE, '2025-02-28 02:54:00');
INSERT INTO to_be (id, user_id, classroom_id, presence, timestamp) VALUES (48, 43, 4, FALSE, '2025-06-28 09:46:45');
INSERT INTO to_be (id, user_id, classroom_id, presence, timestamp) VALUES (49, 28, 4, FALSE, '2025-04-01 22:18:35');
INSERT INTO to_be (id, user_id, classroom_id, presence, timestamp) VALUES (50, 47, 1, TRUE, '2025-03-31 18:26:18');
INSERT INTO to_be (id, user_id, classroom_id, presence, timestamp) VALUES (51, 4, 4, FALSE, '2025-04-15 14:29:56');
INSERT INTO to_be (id, user_id, classroom_id, presence, timestamp) VALUES (52, 7, 2, TRUE, '2025-03-17 00:19:42');
INSERT INTO to_be (id, user_id, classroom_id, presence, timestamp) VALUES (53, 13, 5, FALSE, '2025-06-25 15:15:55');
INSERT INTO to_be (id, user_id, classroom_id, presence, timestamp) VALUES (54, 9, 4, TRUE, '2025-03-14 03:49:22');
INSERT INTO to_be (id, user_id, classroom_id, presence, timestamp) VALUES (55, 18, 4, TRUE, '2025-04-07 08:33:25');
INSERT INTO to_be (id, user_id, classroom_id, presence, timestamp) VALUES (56, 5, 4, TRUE, '2025-03-14 08:30:49');
INSERT INTO to_be (id, user_id, classroom_id, presence, timestamp) VALUES (57, 4, 5, TRUE, '2025-06-05 03:39:24');
INSERT INTO to_be (id, user_id, classroom_id, presence, timestamp) VALUES (58, 6, 2, TRUE, '2025-03-22 13:14:37');
INSERT INTO to_be (id, user_id, classroom_id, presence, timestamp) VALUES (59, 27, 4, FALSE, '2025-06-17 04:56:13');
INSERT INTO to_be (id, user_id, classroom_id, presence, timestamp) VALUES (60, 14, 4, TRUE, '2025-03-13 03:11:11');
INSERT INTO to_be (id, user_id, classroom_id, presence, timestamp) VALUES (61, 11, 4, TRUE, '2025-01-22 23:35:46');
INSERT INTO to_be (id, user_id, classroom_id, presence, timestamp) VALUES (62, 25, 3, FALSE, '2025-04-11 18:07:16');
INSERT INTO to_be (id, user_id, classroom_id, presence, timestamp) VALUES (63, 19, 4, FALSE, '2025-04-15 23:32:35');
INSERT INTO to_be (id, user_id, classroom_id, presence, timestamp) VALUES (64, 10, 2, FALSE, '2025-04-26 19:00:57');
INSERT INTO to_be (id, user_id, classroom_id, presence, timestamp) VALUES (65, 14, 1, TRUE, '2025-02-22 06:33:57');
INSERT INTO to_be (id, user_id, classroom_id, presence, timestamp) VALUES (66, 48, 3, TRUE, '2025-06-25 01:37:55');
INSERT INTO to_be (id, user_id, classroom_id, presence, timestamp) VALUES (67, 4, 5, FALSE, '2025-01-20 06:52:26');
INSERT INTO to_be (id, user_id, classroom_id, presence, timestamp) VALUES (68, 33, 5, TRUE, '2025-06-11 15:13:07');
INSERT INTO to_be (id, user_id, classroom_id, presence, timestamp) VALUES (69, 4, 5, TRUE, '2025-06-06 18:27:56');
INSERT INTO to_be (id, user_id, classroom_id, presence, timestamp) VALUES (70, 12, 1, TRUE, '2025-03-04 23:28:26');
INSERT INTO to_be (id, user_id, classroom_id, presence, timestamp) VALUES (71, 44, 2, FALSE, '2025-06-13 20:31:54');
INSERT INTO to_be (id, user_id, classroom_id, presence, timestamp) VALUES (72, 8, 5, TRUE, '2025-04-24 09:48:32');
INSERT INTO to_be (id, user_id, classroom_id, presence, timestamp) VALUES (73, 38, 5, TRUE, '2025-06-01 16:24:52');
INSERT INTO to_be (id, user_id, classroom_id, presence, timestamp) VALUES (74, 40, 1, FALSE, '2025-04-06 05:27:05');
INSERT INTO to_be (id, user_id, classroom_id, presence, timestamp) VALUES (75, 43, 5, FALSE, '2025-06-06 11:03:36');
INSERT INTO to_be (id, user_id, classroom_id, presence, timestamp) VALUES (76, 17, 2, FALSE, '2025-01-08 16:03:39');
INSERT INTO to_be (id, user_id, classroom_id, presence, timestamp) VALUES (77, 16, 3, FALSE, '2025-06-25 00:16:21');
INSERT INTO to_be (id, user_id, classroom_id, presence, timestamp) VALUES (78, 9, 3, FALSE, '2025-02-04 21:38:47');
INSERT INTO to_be (id, user_id, classroom_id, presence, timestamp) VALUES (79, 21, 1, TRUE, '2025-02-25 11:00:45');
INSERT INTO to_be (id, user_id, classroom_id, presence, timestamp) VALUES (80, 30, 5, TRUE, '2025-05-27 16:06:10');
INSERT INTO to_be (id, user_id, classroom_id, presence, timestamp) VALUES (81, 5, 5, TRUE, '2025-02-23 02:44:12');
INSERT INTO to_be (id, user_id, classroom_id, presence, timestamp) VALUES (82, 33, 3, TRUE, '2025-01-24 09:20:03');
INSERT INTO to_be (id, user_id, classroom_id, presence, timestamp) VALUES (83, 23, 1, TRUE, '2025-06-16 02:34:46');
INSERT INTO to_be (id, user_id, classroom_id, presence, timestamp) VALUES (84, 24, 3, TRUE, '2025-04-16 16:18:48');
INSERT INTO to_be (id, user_id, classroom_id, presence, timestamp) VALUES (85, 29, 5, FALSE, '2025-01-26 12:09:45');
INSERT INTO to_be (id, user_id, classroom_id, presence, timestamp) VALUES (86, 40, 5, TRUE, '2025-03-20 06:34:30');
INSERT INTO to_be (id, user_id, classroom_id, presence, timestamp) VALUES (87, 43, 5, FALSE, '2025-06-10 11:22:44');
INSERT INTO to_be (id, user_id, classroom_id, presence, timestamp) VALUES (88, 43, 1, TRUE, '2025-05-31 21:10:48');
INSERT INTO to_be (id, user_id, classroom_id, presence, timestamp) VALUES (89, 17, 1, TRUE, '2025-05-18 21:00:24');
INSERT INTO to_be (id, user_id, classroom_id, presence, timestamp) VALUES (90, 48, 5, TRUE, '2025-04-11 22:46:10');
INSERT INTO to_be (id, user_id, classroom_id, presence, timestamp) VALUES (91, 18, 3, TRUE, '2025-01-20 19:56:19');
INSERT INTO to_be (id, user_id, classroom_id, presence, timestamp) VALUES (92, 46, 3, TRUE, '2025-04-10 07:00:15');
INSERT INTO to_be (id, user_id, classroom_id, presence, timestamp) VALUES (93, 44, 3, FALSE, '2025-04-06 06:01:22');
INSERT INTO to_be (id, user_id, classroom_id, presence, timestamp) VALUES (94, 17, 1, TRUE, '2025-01-03 15:59:32');
INSERT INTO to_be (id, user_id, classroom_id, presence, timestamp) VALUES (95, 41, 4, FALSE, '2025-02-24 04:02:41');
INSERT INTO to_be (id, user_id, classroom_id, presence, timestamp) VALUES (96, 3, 1, FALSE, '2025-04-27 03:59:04');
INSERT INTO to_be (id, user_id, classroom_id, presence, timestamp) VALUES (97, 50, 2, FALSE, '2025-01-12 13:23:00');
INSERT INTO to_be (id, user_id, classroom_id, presence, timestamp) VALUES (98, 11, 4, FALSE, '2025-06-25 12:02:30');
INSERT INTO to_be (id, user_id, classroom_id, presence, timestamp) VALUES (99, 36, 1, TRUE, '2025-04-28 18:50:44');
INSERT INTO to_be (id, user_id, classroom_id, presence, timestamp) VALUES (100, 5, 2, TRUE, '2025-06-03 01:34:08');

-- INSERT INTO organize
INSERT INTO organize (user_id, event_id) VALUES (24, 10);
INSERT INTO organize (user_id, event_id) VALUES (36, 3);
INSERT INTO organize (user_id, event_id) VALUES (28, 3);
INSERT INTO organize (user_id, event_id) VALUES (3, 5);
INSERT INTO organize (user_id, event_id) VALUES (24, 1);
INSERT INTO organize (user_id, event_id) VALUES (23, 4);
INSERT INTO organize (user_id, event_id) VALUES (44, 4);
INSERT INTO organize (user_id, event_id) VALUES (43, 2);
INSERT INTO organize (user_id, event_id) VALUES (23, 9);
INSERT INTO organize (user_id, event_id) VALUES (27, 10);
INSERT INTO organize (user_id, event_id) VALUES (48, 3);
INSERT INTO organize (user_id, event_id) VALUES (16, 3);
INSERT INTO organize (user_id, event_id) VALUES (12, 7);
INSERT INTO organize (user_id, event_id) VALUES (2, 3);
INSERT INTO organize (user_id, event_id) VALUES (48, 6);
INSERT INTO organize (user_id, event_id) VALUES (27, 4);
INSERT INTO organize (user_id, event_id) VALUES (18, 3);
INSERT INTO organize (user_id, event_id) VALUES (45, 2);
INSERT INTO organize (user_id, event_id) VALUES (25, 1);
INSERT INTO organize (user_id, event_id) VALUES (31, 4);

-- INSERT INTO participate
INSERT INTO participate (user_id, event_id) VALUES (13, 8);
INSERT INTO participate (user_id, event_id) VALUES (23, 5);
INSERT INTO participate (user_id, event_id) VALUES (15, 4);
INSERT INTO participate (user_id, event_id) VALUES (2, 4);
INSERT INTO participate (user_id, event_id) VALUES (26, 6);
INSERT INTO participate (user_id, event_id) VALUES (18, 2);
INSERT INTO participate (user_id, event_id) VALUES (50, 5);
INSERT INTO participate (user_id, event_id) VALUES (23, 9);
INSERT INTO participate (user_id, event_id) VALUES (26, 9);
INSERT INTO participate (user_id, event_id) VALUES (22, 1);
INSERT INTO participate (user_id, event_id) VALUES (8, 5);
INSERT INTO participate (user_id, event_id) VALUES (12, 10);
INSERT INTO participate (user_id, event_id) VALUES (17, 1);
INSERT INTO participate (user_id, event_id) VALUES (7, 10);
INSERT INTO participate (user_id, event_id) VALUES (28, 6);
INSERT INTO participate (user_id, event_id) VALUES (47, 6);
INSERT INTO participate (user_id, event_id) VALUES (28, 10);
INSERT INTO participate (user_id, event_id) VALUES (33, 2);
INSERT INTO participate (user_id, event_id) VALUES (25, 10);
INSERT INTO participate (user_id, event_id) VALUES (13, 5);
INSERT INTO participate (user_id, event_id) VALUES (3, 7);
INSERT INTO participate (user_id, event_id) VALUES (1, 9);
INSERT INTO participate (user_id, event_id) VALUES (35, 4);
INSERT INTO participate (user_id, event_id) VALUES (24, 7);
INSERT INTO participate (user_id, event_id) VALUES (5, 6);
INSERT INTO participate (user_id, event_id) VALUES (40, 6);
INSERT INTO participate (user_id, event_id) VALUES (43, 2);
INSERT INTO participate (user_id, event_id) VALUES (47, 5);
INSERT INTO participate (user_id, event_id) VALUES (33, 5);
INSERT INTO participate (user_id, event_id) VALUES (43, 7);
INSERT INTO participate (user_id, event_id) VALUES (21, 7);
INSERT INTO participate (user_id, event_id) VALUES (45, 5);
INSERT INTO participate (user_id, event_id) VALUES (36, 3);
INSERT INTO participate (user_id, event_id) VALUES (13, 7);
INSERT INTO participate (user_id, event_id) VALUES (43, 7);
INSERT INTO participate (user_id, event_id) VALUES (44, 3);
INSERT INTO participate (user_id, event_id) VALUES (40, 10);
INSERT INTO participate (user_id, event_id) VALUES (20, 7);
INSERT INTO participate (user_id, event_id) VALUES (36, 1);
INSERT INTO participate (user_id, event_id) VALUES (20, 5);
INSERT INTO participate (user_id, event_id) VALUES (14, 7);
INSERT INTO participate (user_id, event_id) VALUES (38, 10);
INSERT INTO participate (user_id, event_id) VALUES (42, 6);
INSERT INTO participate (user_id, event_id) VALUES (30, 8);
INSERT INTO participate (user_id, event_id) VALUES (29, 4);
INSERT INTO participate (user_id, event_id) VALUES (33, 8);
INSERT INTO participate (user_id, event_id) VALUES (48, 3);
INSERT INTO participate (user_id, event_id) VALUES (43, 2);
INSERT INTO participate (user_id, event_id) VALUES (19, 9);
INSERT INTO participate (user_id, event_id) VALUES (43, 10);
INSERT INTO participate (user_id, event_id) VALUES (22, 2);
INSERT INTO participate (user_id, event_id) VALUES (49, 4);
INSERT INTO participate (user_id, event_id) VALUES (44, 5);
INSERT INTO participate (user_id, event_id) VALUES (15, 4);
INSERT INTO participate (user_id, event_id) VALUES (10, 1);
INSERT INTO participate (user_id, event_id) VALUES (3, 4);
INSERT INTO participate (user_id, event_id) VALUES (31, 10);
INSERT INTO participate (user_id, event_id) VALUES (50, 2);
INSERT INTO participate (user_id, event_id) VALUES (30, 7);
INSERT INTO participate (user_id, event_id) VALUES (41, 10);
INSERT INTO participate (user_id, event_id) VALUES (13, 7);
INSERT INTO participate (user_id, event_id) VALUES (32, 7);
INSERT INTO participate (user_id, event_id) VALUES (16, 3);
INSERT INTO participate (user_id, event_id) VALUES (42, 1);
INSERT INTO participate (user_id, event_id) VALUES (49, 2);
INSERT INTO participate (user_id, event_id) VALUES (50, 7);
INSERT INTO participate (user_id, event_id) VALUES (15, 3);
INSERT INTO participate (user_id, event_id) VALUES (45, 9);
INSERT INTO participate (user_id, event_id) VALUES (30, 1);
INSERT INTO participate (user_id, event_id) VALUES (36, 4);
INSERT INTO participate (user_id, event_id) VALUES (8, 8);
INSERT INTO participate (user_id, event_id) VALUES (9, 8);
INSERT INTO participate (user_id, event_id) VALUES (43, 9);
INSERT INTO participate (user_id, event_id) VALUES (36, 10);
INSERT INTO participate (user_id, event_id) VALUES (21, 8);
INSERT INTO participate (user_id, event_id) VALUES (40, 9);
INSERT INTO participate (user_id, event_id) VALUES (28, 9);
INSERT INTO participate (user_id, event_id) VALUES (29, 3);
INSERT INTO participate (user_id, event_id) VALUES (48, 8);
INSERT INTO participate (user_id, event_id) VALUES (29, 5);
INSERT INTO participate (user_id, event_id) VALUES (49, 4);
INSERT INTO participate (user_id, event_id) VALUES (41, 5);
INSERT INTO participate (user_id, event_id) VALUES (50, 9);
INSERT INTO participate (user_id, event_id) VALUES (32, 4);
INSERT INTO participate (user_id, event_id) VALUES (18, 8);
INSERT INTO participate (user_id, event_id) VALUES (5, 5);
INSERT INTO participate (user_id, event_id) VALUES (16, 5);
INSERT INTO participate (user_id, event_id) VALUES (22, 6);
INSERT INTO participate (user_id, event_id) VALUES (35, 2);
INSERT INTO participate (user_id, event_id) VALUES (9, 3);
INSERT INTO participate (user_id, event_id) VALUES (15, 7);
INSERT INTO participate (user_id, event_id) VALUES (45, 3);
INSERT INTO participate (user_id, event_id) VALUES (46, 4);
INSERT INTO participate (user_id, event_id) VALUES (5, 7);
INSERT INTO participate (user_id, event_id) VALUES (27, 6);
INSERT INTO participate (user_id, event_id) VALUES (35, 8);
INSERT INTO participate (user_id, event_id) VALUES (27, 1);
INSERT INTO participate (user_id, event_id) VALUES (14, 7);
INSERT INTO participate (user_id, event_id) VALUES (25, 10);
INSERT INTO participate (user_id, event_id) VALUES (45, 1);

-- INSERT INTO mentoring
INSERT INTO mentoring (id, mentor_id, sponsored_id, subject, description) VALUES (1, 49, 37, 'History', 'Character once him ahead.
Maintain those PM late take.');
INSERT INTO mentoring (id, mentor_id, sponsored_id, subject, description) VALUES (2, 31, 1, 'Coding', 'Address base cause free between against. Bar each away. Our court energy analysis entire.');
INSERT INTO mentoring (id, mentor_id, sponsored_id, subject, description) VALUES (3, 20, 49, 'History', 'Example center put million perform. Option just people.');
INSERT INTO mentoring (id, mentor_id, sponsored_id, subject, description) VALUES (4, 27, 35, 'Science', 'Song her prevent factor add computer.');
INSERT INTO mentoring (id, mentor_id, sponsored_id, subject, description) VALUES (5, 32, 15, 'Coding', 'Notice game official call analysis today. Down to right walk industry future rule.');
INSERT INTO mentoring (id, mentor_id, sponsored_id, subject, description) VALUES (6, 28, 32, 'Math', 'Change some career week the. Social try building she note bag. Pay white issue country.');
INSERT INTO mentoring (id, mentor_id, sponsored_id, subject, description) VALUES (7, 25, 22, 'History', 'Begin all old perhaps. Dinner share growth.');
INSERT INTO mentoring (id, mentor_id, sponsored_id, subject, description) VALUES (8, 47, 11, 'History', 'Participant relate small. Husband thousand federal argue.');
INSERT INTO mentoring (id, mentor_id, sponsored_id, subject, description) VALUES (9, 9, 40, 'Math', 'Rule recognize natural the. Market tough ever before place.');
INSERT INTO mentoring (id, mentor_id, sponsored_id, subject, description) VALUES (10, 26, 38, 'Math', 'Wonder social treatment training dream break. Process down statement ago.');
INSERT INTO mentoring (id, mentor_id, sponsored_id, subject, description) VALUES (11, 6, 42, 'History', 'Partner would economic spend small leg page.');
INSERT INTO mentoring (id, mentor_id, sponsored_id, subject, description) VALUES (12, 9, 30, 'Science', 'Third challenge parent offer maybe training six. Institution management stay else send.');
INSERT INTO mentoring (id, mentor_id, sponsored_id, subject, description) VALUES (13, 4, 17, 'History', 'Military treat alone never result crime. Response bag minute.');
INSERT INTO mentoring (id, mentor_id, sponsored_id, subject, description) VALUES (14, 21, 14, 'History', 'Current worker recently list nation cell above. Available history health technology ask approach.');
INSERT INTO mentoring (id, mentor_id, sponsored_id, subject, description) VALUES (15, 21, 22, 'History', 'Ten management crime owner guy. Challenge various at rather key. Pull ability your nature machine.');
INSERT INTO mentoring (id, mentor_id, sponsored_id, subject, description) VALUES (16, 18, 49, 'History', 'Whom that recently ago author she song summer. Instead book company continue under draw theory.');
INSERT INTO mentoring (id, mentor_id, sponsored_id, subject, description) VALUES (17, 17, 6, 'History', 'Low government Congress such tonight difference. Response stock peace similar look.');
INSERT INTO mentoring (id, mentor_id, sponsored_id, subject, description) VALUES (18, 2, 48, 'Math', 'Suffer represent you. Yeah population his social benefit person we improve.');
INSERT INTO mentoring (id, mentor_id, sponsored_id, subject, description) VALUES (19, 23, 15, 'Math', 'Wish power reach hour. Character home officer staff thus hair director.');
INSERT INTO mentoring (id, mentor_id, sponsored_id, subject, description) VALUES (20, 50, 42, 'Math', 'Game region the power. West simply appear newspaper us up.');

